{"is_source_file": false, "format": "", "description": "", "external_files": [], "external_methods": [], "published": [], "classes": [], "methods": [], "calls": [], "search-terms": [], "state": 2, "file_id": 12, "knowledge_revision": 20, "git_revision": "f3206f93c3d4c47737298fde552a2ec1bef55826", "hash": "183c7e5d263adabdaff98da31d0a9175", "format-version": 4, "code-base-name": "task_management_frontend", "filename": "README.md", "revision_history": [{"20": "f3206f93c3d4c47737298fde552a2ec1bef55826"}]}