{"is_source_file": true, "format": "JavaScript (React JSX)", "description": "This is the main entry point for a React web application, initializing the React DOM, setting up routing, context providers, and rendering the root App component.", "external_files": ["./index.css", "./App", "./context/AuthContext"], "external_methods": ["ReactDOM.createRoot", "React.StrictMode", "BrowserRouter", "AuthProvider"], "published": [], "classes": [], "methods": [{"name": "root.render", "description": "Renders the React component tree into the DOM element with id 'root'."}], "calls": ["ReactDOM.createRoot", "root.render", "React.StrictMode", "BrowserRouter", "AuthProvider", "App"], "search-terms": ["React", "ReactDOM", "BrowserRouter", "AuthProvider", "index.js", "React.StrictMode"], "state": 2, "file_id": 9, "knowledge_revision": 49, "git_revision": "3ec22b5a9fb54ae325196885c2f815d7681d46fc", "revision_history": [{"24": "b63bdb6fca581666ba95dad44f374157087345d4"}, {"49": "3ec22b5a9fb54ae325196885c2f815d7681d46fc"}], "ctags": [{"_type": "tag", "name": "root", "path": "/home/kavia/workspace/code-generation/team-task-dashboard-199392-199402/task_management_frontend/src/index.js", "pattern": "/^const root = ReactDOM.createRoot(document.getElementById(\"root\"));$/", "language": "JavaScript", "kind": "constant"}], "hash": "50dd5f41568ca2b8cb1a3f83132f5e0e", "format-version": 4, "code-base-name": "task_management_frontend", "filename": "task_management_frontend/src/index.js"}