{"is_source_file": true, "format": "JavaScript", "description": "This file defines React context and hooks related to user authentication, including creating a context, providing an AuthProvider component, and a custom hook for accessing auth state.", "external_files": ["../hooks/useAuth"], "external_methods": ["useAuth", "createContext", "useContext"], "published": ["AuthProvider", "useAuthContext"], "classes": [], "methods": [{"name": "AuthProvider({ children })", "description": "A React component that provides authentication state and actions to its children via context.", "scope": "", "scopeKind": ""}, {"name": "useAuthContext()", "description": "A custom React hook that provides access to authentication state and actions within the context.", "scope": "", "scopeKind": ""}], "calls": ["useAuth", "createContext", "useContext"], "search-terms": ["AuthContext", "AuthProvider", "useAuthContext", "authentication", "React context"], "state": 2, "file_id": 20, "knowledge_revision": 58, "git_revision": "3ec22b5a9fb54ae325196885c2f815d7681d46fc", "ctags": [{"_type": "tag", "name": "AuthContext", "path": "/home/kavia/workspace/code-generation/team-task-dashboard-199392-199402/task_management_frontend/src/context/AuthContext.js", "pattern": "/^const AuthContext = createContext(null);$/", "language": "JavaScript", "kind": "constant"}, {"_type": "tag", "name": "AuthProvider", "path": "/home/kavia/workspace/code-generation/team-task-dashboard-199392-199402/task_management_frontend/src/context/AuthContext.js", "pattern": "/^export function AuthProvider({ children }) {$/", "language": "JavaScript", "kind": "function", "signature": "({ children })"}, {"_type": "tag", "name": "auth", "path": "/home/kavia/workspace/code-generation/team-task-dashboard-199392-199402/task_management_frontend/src/context/AuthContext.js", "pattern": "/^  return <AuthContext.Provider value={auth}>{children}<\\/AuthContext.Provider>;$/", "language": "JavaScript", "kind": "field", "scope": "Provider", "scopeKind": "class"}, {"_type": "tag", "name": "useAuthContext", "path": "/home/kavia/workspace/code-generation/team-task-dashboard-199392-199402/task_management_frontend/src/context/AuthContext.js", "pattern": "/^export function useAuthContext() {$/", "language": "JavaScript", "kind": "function", "signature": "()"}], "hash": "71472684e66707f13c066748abc40934", "format-version": 4, "code-base-name": "task_management_frontend", "filename": "task_management_frontend/src/context/AuthContext.js", "fields": [{"name": "return <AuthContext.Provider value={auth}>{children}<\\/AuthContext.Provider>;", "scope": "Provider", "scopeKind": "class", "description": "unavailable"}], "revision_history": [{"58": "3ec22b5a9fb54ae325196885c2f815d7681d46fc"}]}