{"is_source_file": true, "format": "JavaScript", "description": "This file defines functions for interacting with notification-related API endpoints, specifically a function to list notifications with pagination support.", "external_files": ["./client"], "external_methods": ["apiRequest"], "published": ["listNotifications"], "classes": [], "methods": [{"name": "listNotifications({ token, unreadOnly, limit, offset })", "description": "Fetches a list of notifications from the API with optional filtering for unread notifications, limit, and offset.", "scope": "", "scopeKind": ""}], "calls": ["apiRequest"], "search-terms": ["notifications", "listNotifications", "API", "pagination"], "state": 2, "file_id": 18, "knowledge_revision": 56, "git_revision": "3ec22b5a9fb54ae325196885c2f815d7681d46fc", "ctags": [{"_type": "tag", "name": "listNotifications", "path": "/home/kavia/workspace/code-generation/team-task-dashboard-199392-199402/task_management_frontend/src/api/notifications.js", "pattern": "/^export async function listNotifications({ token, unreadOnly, limit, offset }) {$/", "language": "JavaScript", "kind": "function", "signature": "({ token, unreadOnly, limit, offset })"}], "hash": "38d44f3c42419f3423d667316aa5aafa", "format-version": 4, "code-base-name": "task_management_frontend", "filename": "task_management_frontend/src/api/notifications.js", "revision_history": [{"56": "3ec22b5a9fb54ae325196885c2f815d7681d46fc"}]}