{"is_source_file": false, "format": "", "description": "", "external_files": [], "external_methods": [], "published": [], "classes": [], "methods": [], "calls": [], "search-terms": [], "state": 2, "file_id": 8, "knowledge_revision": 18, "git_revision": "b63bdb6fca581666ba95dad44f374157087345d4", "hash": "6c2104b8d219ed99234ae2d6329f4357", "format-version": 4, "code-base-name": "task_management_frontend", "filename": "task_management_frontend/src/index.css", "revision_history": [{"18": "b63bdb6fca581666ba95dad44f374157087345d4"}]}