{"is_source_file": true, "format": "JavaScript (React JSX)", "description": "A React component named ProtectedRoute that guards nested routes by checking user authentication status and redirects unauthenticated users to the login page.", "external_files": ["react", "react-router-dom", "../context/AuthContext"], "external_methods": ["useAuthContext"], "published": ["ProtectedRoute"], "classes": [], "methods": [{"name": "ProtectedRoute()", "description": "React functional component that uses authentication context to conditionally render nested routes or redirect to login.", "scope": "", "scopeKind": ""}], "calls": ["useAuthContext", "Navigate", "Outlet"], "search-terms": ["ProtectedRoute", "Authentication", "Authorization", "React Router", "AuthContext", "Route Guard", "Redirect"], "state": 2, "file_id": 21, "knowledge_revision": 59, "git_revision": "3ec22b5a9fb54ae325196885c2f815d7681d46fc", "ctags": [{"_type": "tag", "name": "ProtectedRoute", "path": "/home/kavia/workspace/code-generation/team-task-dashboard-199392-199402/task_management_frontend/src/components/ProtectedRoute.js", "pattern": "/^export function ProtectedRoute() {$/", "language": "JavaScript", "kind": "function", "signature": "()"}], "hash": "05a180681c46e2849924d74cefbab5bd", "format-version": 4, "code-base-name": "task_management_frontend", "filename": "task_management_frontend/src/components/ProtectedRoute.js", "revision_history": [{"59": "3ec22b5a9fb54ae325196885c2f815d7681d46fc"}]}