{"is_source_file": true, "file_id": 14, "git_revision": "", "state": 1, "description": "", "external_files": [], "external_methods": [], "published": [], "classes": [], "methods": [], "calls": [], "search-terms": [], "ctags": [{"_type": "tag", "name": "getMe", "path": "/home/kavia/workspace/code-generation/team-task-dashboard-199392-199402/task_management_frontend/src/api/auth.js", "pattern": "/^export async function getMe({ token }) {$/", "language": "JavaScript", "kind": "function", "signature": "({ token })"}, {"_type": "tag", "name": "login", "path": "/home/kavia/workspace/code-generation/team-task-dashboard-199392-199402/task_management_frontend/src/api/auth.js", "pattern": "/^export async function login({ email, password }) {$/", "language": "JavaScript", "kind": "function", "signature": "({ email, password })"}, {"_type": "tag", "name": "register", "path": "/home/kavia/workspace/code-generation/team-task-dashboard-199392-199402/task_management_frontend/src/api/auth.js", "pattern": "/^export async function register({ email, password, roles }) {$/", "language": "JavaScript", "kind": "function", "signature": "({ email, password, roles })"}], "format": "JavaScript", "hash": "d1cf71818c72497d423b952bb7be2962", "format-version": 4, "code-base-name": "task_management_frontend", "filename": "task_management_frontend/src/api/auth.js", "knowledge_revision": 30}