{"is_source_file": true, "file_id": 16, "git_revision": "", "state": 1, "description": "", "external_files": [], "external_methods": [], "published": [], "classes": [], "methods": [], "calls": [], "search-terms": [], "ctags": [{"_type": "tag", "name": "addTeamMember", "path": "/home/kavia/workspace/code-generation/team-task-dashboard-199392-199402/task_management_frontend/src/api/teams.js", "pattern": "/^export async function addTeamMember({ token, teamId, userId, roleInTeam }) {$/", "language": "JavaScript", "kind": "function", "signature": "({ token, teamId, userId, roleInTeam })"}, {"_type": "tag", "name": "createTeam", "path": "/home/kavia/workspace/code-generation/team-task-dashboard-199392-199402/task_management_frontend/src/api/teams.js", "pattern": "/^export async function createTeam({ token, name }) {$/", "language": "JavaScript", "kind": "function", "signature": "({ token, name })"}, {"_type": "tag", "name": "getTeam", "path": "/home/kavia/workspace/code-generation/team-task-dashboard-199392-199402/task_management_frontend/src/api/teams.js", "pattern": "/^export async function getTeam({ token, teamId }) {$/", "language": "JavaScript", "kind": "function", "signature": "({ token, teamId })"}, {"_type": "tag", "name": "listTeams", "path": "/home/kavia/workspace/code-generation/team-task-dashboard-199392-199402/task_management_frontend/src/api/teams.js", "pattern": "/^export async function listTeams({ token, limit, offset }) {$/", "language": "JavaScript", "kind": "function", "signature": "({ token, limit, offset })"}], "format": "JavaScript", "hash": "487ab0d69a05443cb40bb6fc7e1d9c9a", "format-version": 4, "code-base-name": "task_management_frontend", "filename": "task_management_frontend/src/api/teams.js", "knowledge_revision": 32}