{"is_source_file": false, "format": "", "description": "", "external_files": [], "external_methods": [], "published": [], "classes": [], "methods": [], "calls": [], "search-terms": [], "state": 2, "file_id": 4, "knowledge_revision": 26, "git_revision": "b63bdb6fca581666ba95dad44f374157087345d4", "hash": "0a2feffd8713d48a7da0e74ecd2d4da9", "format-version": 4, "code-base-name": "task_management_frontend", "filename": "task_management_frontend/package.json", "revision_history": [{"26": "b63bdb6fca581666ba95dad44f374157087345d4"}]}