{"is_source_file": false, "format": "", "description": "", "external_files": [], "external_methods": [], "published": [], "classes": [], "methods": [], "calls": [], "search-terms": [], "state": 2, "file_id": 4, "knowledge_revision": 73, "git_revision": "3ec22b5a9fb54ae325196885c2f815d7681d46fc", "hash": "3df58c4fab4987d059cff61f3c9a3d83", "format-version": 4, "code-base-name": "task_management_frontend", "filename": "task_management_frontend/package.json", "revision_history": [{"73": "3ec22b5a9fb54ae325196885c2f815d7681d46fc"}]}