{"is_source_file": true, "format": "JavaScript (React)", "description": "This file is the entry point for a React-based frontend application, responsible for rendering the root component into the DOM.", "external_files": ["./App", "./index.css"], "external_methods": ["ReactDOM.createRoot", "root.render"], "published": [], "classes": [], "methods": [{"name": "ReactDOM.createRoot", "description": "Creates a root for rendering React components into the DOM."}, {"name": "root.render", "description": "Renders React elements into the DOM root."}], "calls": ["ReactDOM.createRoot", "root.render", "document.getElementById", "<React.StrictMode>", "<App />"], "search-terms": ["React", "ReactDOM", "render", "StrictMode", "index.js"], "state": 2, "file_id": 9, "knowledge_revision": 24, "git_revision": "b63bdb6fca581666ba95dad44f374157087345d4", "ctags": [{"_type": "tag", "name": "root", "path": "/home/kavia/workspace/code-generation/team-task-dashboard-199392-199402/task_management_frontend/src/index.js", "pattern": "/^const root = ReactDOM.createRoot(document.getElementById('root'));$/", "language": "JavaScript", "kind": "constant"}], "hash": "9fc5841375336fc175b49f8767a11383", "format-version": 4, "code-base-name": "task_management_frontend", "filename": "task_management_frontend/src/index.js", "revision_history": [{"24": "b63bdb6fca581666ba95dad44f374157087345d4"}]}