{"is_source_file": true, "file_id": 13, "git_revision": "", "state": 1, "description": "", "external_files": [], "external_methods": [], "published": [], "classes": [], "methods": [], "calls": [], "search-terms": [], "ctags": [{"_type": "tag", "name": "Accept", "path": "/home/kavia/workspace/code-generation/team-task-dashboard-199392-199402/task_management_frontend/src/api/client.js", "pattern": "/^    Accept: \"application\\/json\"$/", "language": "JavaScript", "kind": "property", "scope": "apiRequest.headers", "scopeKind": "class"}, {"_type": "tag", "name": "DEFAULT_BASE_URL", "path": "/home/kavia/workspace/code-generation/team-task-dashboard-199392-199402/task_management_frontend/src/api/client.js", "pattern": "/^const DEFAULT_BASE_URL = \"http:\\/\\/localhost:3001\";$/", "language": "JavaScript", "kind": "constant"}, {"_type": "tag", "name": "apiRequest", "path": "/home/kavia/workspace/code-generation/team-task-dashboard-199392-199402/task_management_frontend/src/api/client.js", "pattern": "/^export async function apiRequest({ path, method = \"GET\", token, body, query }) {$/", "language": "JavaScript", "kind": "function", "signature": "({ path, method = \"GET\", token, body, query })"}, {"_type": "tag", "name": "buildUrl", "path": "/home/kavia/workspace/code-generation/team-task-dashboard-199392-199402/task_management_frontend/src/api/client.js", "pattern": "/^function buildUrl(path, query) {$/", "language": "JavaScript", "kind": "function", "signature": "(path, query)"}, {"_type": "tag", "name": "getBaseUrl", "path": "/home/kavia/workspace/code-generation/team-task-dashboard-199392-199402/task_management_frontend/src/api/client.js", "pattern": "/^function getBaseUrl() {$/", "language": "JavaScript", "kind": "function", "signature": "()"}, {"_type": "tag", "name": "headers", "path": "/home/kavia/workspace/code-generation/team-task-dashboard-199392-199402/task_management_frontend/src/api/client.js", "pattern": "/^  const headers = {$/", "language": "JavaScript", "kind": "class", "scope": "apiRequest", "scopeKind": "class"}, {"_type": "tag", "name": "pageQuery", "path": "/home/kavia/workspace/code-generation/team-task-dashboard-199392-199402/task_management_frontend/src/api/client.js", "pattern": "/^export function pageQuery({ limit, offset }) {$/", "language": "JavaScript", "kind": "function", "signature": "({ limit, offset })"}, {"_type": "tag", "name": "parseJsonSafe", "path": "/home/kavia/workspace/code-generation/team-task-dashboard-199392-199402/task_management_frontend/src/api/client.js", "pattern": "/^async function parseJsonSafe(res) {$/", "language": "JavaScript", "kind": "function", "signature": "(res)"}], "format": "JavaScript", "hash": "2a66a7699edb0cf5708e5d5fccfb3aff", "format-version": 4, "code-base-name": "task_management_frontend", "filename": "task_management_frontend/src/api/client.js", "knowledge_revision": 29}