{"is_source_file": false, "format": "", "description": "", "external_files": [], "external_methods": [], "published": [], "classes": [], "methods": [], "calls": [], "search-terms": ["CSS variables", "theme management", "dark theme", "light theme", "responsive design", "App header styles", "button styles", "media queries"], "state": 2, "file_id": 10, "knowledge_revision": 21, "git_revision": "b63bdb6fca581666ba95dad44f374157087345d4", "hash": "22f9e17cc1848b56dbb244518ac2707e", "format-version": 4, "code-base-name": "task_management_frontend", "filename": "task_management_frontend/src/App.css", "revision_history": [{"21": "b63bdb6fca581666ba95dad44f374157087345d4"}]}