{"is_source_file": true, "format": "JavaScript", "description": "This file provides API functions for managing teams, including listing, creating, retrieving details, and adding members, by making HTTP requests via a shared 'apiRequest' helper.", "external_files": ["./client"], "external_methods": ["apiRequest"], "published": ["listTeams", "createTeam", "getTeam", "addTeamMember"], "classes": [], "methods": [{"name": "listTeams({ token, limit, offset })", "description": "Lists teams with optional pagination using GET /teams.", "scope": "", "scopeKind": ""}, {"name": "createTeam({ token, name })", "description": "Creates a new team via POST /teams.", "scope": "", "scopeKind": ""}, {"name": "getTeam({ token, teamId })", "description": "Retrieves details of a specific team via GET /teams/{team_id}.", "scope": "", "scopeKind": ""}, {"name": "addTeamMember({ token, teamId, userId, roleInTeam })", "description": "Adds a member to a team via POST /teams/{team_id}/members.", "scope": "", "scopeKind": ""}], "calls": ["apiRequest"], "search-terms": ["teams", "API functions", "team management", "team members", "REST endpoints"], "state": 2, "file_id": 16, "knowledge_revision": 54, "git_revision": "3ec22b5a9fb54ae325196885c2f815d7681d46fc", "ctags": [{"_type": "tag", "name": "addTeamMember", "path": "/home/kavia/workspace/code-generation/team-task-dashboard-199392-199402/task_management_frontend/src/api/teams.js", "pattern": "/^export async function addTeamMember({ token, teamId, userId, roleInTeam }) {$/", "language": "JavaScript", "kind": "function", "signature": "({ token, teamId, userId, roleInTeam })"}, {"_type": "tag", "name": "createTeam", "path": "/home/kavia/workspace/code-generation/team-task-dashboard-199392-199402/task_management_frontend/src/api/teams.js", "pattern": "/^export async function createTeam({ token, name }) {$/", "language": "JavaScript", "kind": "function", "signature": "({ token, name })"}, {"_type": "tag", "name": "getTeam", "path": "/home/kavia/workspace/code-generation/team-task-dashboard-199392-199402/task_management_frontend/src/api/teams.js", "pattern": "/^export async function getTeam({ token, teamId }) {$/", "language": "JavaScript", "kind": "function", "signature": "({ token, teamId })"}, {"_type": "tag", "name": "listTeams", "path": "/home/kavia/workspace/code-generation/team-task-dashboard-199392-199402/task_management_frontend/src/api/teams.js", "pattern": "/^export async function listTeams({ token, limit, offset }) {$/", "language": "JavaScript", "kind": "function", "signature": "({ token, limit, offset })"}], "hash": "487ab0d69a05443cb40bb6fc7e1d9c9a", "format-version": 4, "code-base-name": "task_management_frontend", "filename": "task_management_frontend/src/api/teams.js", "revision_history": [{"54": "3ec22b5a9fb54ae325196885c2f815d7681d46fc"}]}