{"is_source_file": true, "format": "JavaScript (React JSX)", "description": "This file defines a React functional component 'LoginPage' implementing a login interface that authenticates users via JWT, using context, state hooks, and react-router for navigation.", "external_files": ["../context/AuthContext", "react-router-dom", "react"], "external_methods": ["useAuthContext", "useNavigate", "setEmail", "setPassword", "setSubmitError"], "published": ["LoginPage"], "classes": [], "methods": [{"name": "LoginPage()", "description": "React functional component rendering a login form, handling user input, submitting login request, and navigating on success.", "scope": "", "scopeKind": ""}, {"name": "onSubmit", "description": "Event handler for form submission, performs login via context method, handles success and error states."}], "calls": ["auth.login", "navigate", "setSubmitError", "setEmail", "setPassword"], "search-terms": ["React login form", "JWT authentication React", "useAuthContext", "useNavigate", "useState login"], "state": 2, "file_id": 24, "knowledge_revision": 62, "git_revision": "3ec22b5a9fb54ae325196885c2f815d7681d46fc", "ctags": [{"_type": "tag", "name": "LoginPage", "path": "/home/kavia/workspace/code-generation/team-task-dashboard-199392-199402/task_management_frontend/src/pages/LoginPage.js", "pattern": "/^export function LoginPage() {$/", "language": "JavaScript", "kind": "function", "signature": "()"}, {"_type": "tag", "name": "email", "path": "/home/kavia/workspace/code-generation/team-task-dashboard-199392-199402/task_management_frontend/src/pages/LoginPage.js", "pattern": "/^                value={email}$/", "language": "JavaScript", "kind": "field", "scope": "LoginPage.value", "scopeKind": "class"}, {"_type": "tag", "name": "password", "path": "/home/kavia/workspace/code-generation/team-task-dashboard-199392-199402/task_management_frontend/src/pages/LoginPage.js", "pattern": "/^                value={password}$/", "language": "JavaScript", "kind": "field", "scope": "LoginPage.value", "scopeKind": "class"}], "hash": "7c0124696c57ac57c1862e0572f916f8", "format-version": 4, "code-base-name": "task_management_frontend", "filename": "task_management_frontend/src/pages/LoginPage.js", "fields": [{"name": "value={email}", "scope": "LoginPage.value", "scopeKind": "class", "description": "unavailable"}, {"name": "value={password}", "scope": "LoginPage.value", "scopeKind": "class", "description": "unavailable"}], "revision_history": [{"62": "3ec22b5a9fb54ae325196885c2f815d7681d46fc"}]}