{"is_source_file": true, "format": "JavaScript (React JSX)", "description": "This source file defines the 'AnalyticsPage' React component which renders an analytics dashboard for team and project data. It includes subcomponents for visualizing metrics through bars, manages state for team and project IDs, data, loading and error states, and interacts with external API functions to fetch analytics data.", "external_files": ["../api/analytics", "../context/AuthContext"], "external_methods": ["getProjectAnalytics", "getTeamAnalytics", "useAuthContext"], "published": ["AnalyticsPage"], "classes": [], "methods": [{"name": "Bar({ label, value, max })", "description": "A functional React component that visually represents a labeled bar with a value and percentage width based on the maximum value.", "scope": "", "scopeKind": ""}, {"name": "loadTeam", "description": "Asynchronously fetches team analytics data based on the provided team ID, updates state, and handles loading and errors."}, {"name": "loadProject", "description": "Asynchronously fetches project analytics data based on the provided project ID, updates state, and handles loading and errors."}, {"name": "AnalyticsPage()", "scope": "", "scopeKind": "", "description": "unavailable"}], "calls": ["getTeamAnalytics", "getProjectAnalytics"], "search-terms": ["AnalyticsPage", "Team ID UUID", "Project ID UUID", "analytics dashboard", "Bar component", "React hooks", "team analytics", "project analytics"], "state": 2, "file_id": 29, "knowledge_revision": 67, "git_revision": "3ec22b5a9fb54ae325196885c2f815d7681d46fc", "ctags": [{"_type": "tag", "name": "AnalyticsPage", "path": "/home/kavia/workspace/code-generation/team-task-dashboard-199392-199402/task_management_frontend/src/pages/AnalyticsPage.js", "pattern": "/^export function AnalyticsPage() {$/", "language": "JavaScript", "kind": "function", "signature": "()"}, {"_type": "tag", "name": "Bar", "path": "/home/kavia/workspace/code-generation/team-task-dashboard-199392-199402/task_management_frontend/src/pages/AnalyticsPage.js", "pattern": "/^function Bar({ label, value, max }) {$/", "language": "JavaScript", "kind": "function", "signature": "({ label, value, max })"}, {"_type": "tag", "name": "loadProject", "path": "/home/kavia/workspace/code-generation/team-task-dashboard-199392-199402/task_management_frontend/src/pages/AnalyticsPage.js", "pattern": "/^                    onClick={loadProject}$/", "language": "JavaScript", "kind": "field", "scope": "AnalyticsPage.onClick", "scopeKind": "class"}, {"_type": "tag", "name": "loadTeam", "path": "/home/kavia/workspace/code-generation/team-task-dashboard-199392-199402/task_management_frontend/src/pages/AnalyticsPage.js", "pattern": "/^                    onClick={loadTeam}$/", "language": "JavaScript", "kind": "field", "scope": "AnalyticsPage.onClick", "scopeKind": "class"}, {"_type": "tag", "name": "projectId", "path": "/home/kavia/workspace/code-generation/team-task-dashboard-199392-199402/task_management_frontend/src/pages/AnalyticsPage.js", "pattern": "/^                      value={projectId}$/", "language": "JavaScript", "kind": "field", "scope": "AnalyticsPage.value", "scopeKind": "class"}, {"_type": "tag", "name": "teamId", "path": "/home/kavia/workspace/code-generation/team-task-dashboard-199392-199402/task_management_frontend/src/pages/AnalyticsPage.js", "pattern": "/^                      value={teamId}$/", "language": "JavaScript", "kind": "field", "scope": "AnalyticsPage.value", "scopeKind": "class"}], "hash": "2e3fe029c44ada3848101c2ee1a92447", "format-version": 4, "code-base-name": "task_management_frontend", "filename": "task_management_frontend/src/pages/AnalyticsPage.js", "fields": [{"name": "onClick={loadProject}", "scope": "AnalyticsPage.onClick", "scopeKind": "class", "description": "unavailable"}, {"name": "onClick={loadTeam}", "scope": "AnalyticsPage.onClick", "scopeKind": "class", "description": "unavailable"}, {"name": "value={projectId}", "scope": "AnalyticsPage.value", "scopeKind": "class", "description": "unavailable"}, {"name": "value={teamId}", "scope": "AnalyticsPage.value", "scopeKind": "class", "description": "unavailable"}], "revision_history": [{"67": "3ec22b5a9fb54ae325196885c2f815d7681d46fc"}]}