{"is_source_file": true, "format": "JavaScript (React Component)", "description": "This file defines a React functional component named 'Pagination' which provides simple offset-based pagination controls for a web interface. It renders 'Prev' and 'Next' buttons along with a label indicating the current range of results displayed. The component manages enabling/disabling of buttons based on the provided 'meta' pagination info.", "external_files": [], "external_methods": [], "published": ["Pagination"], "classes": [], "methods": [{"name": "Pagination({ meta, onPrev, onNext })", "description": "React functional component rendering pagination controls based on 'meta' data with 'Prev' and 'Next' buttons.", "scope": "", "scopeKind": ""}], "calls": ["React", "Math.min"], "search-terms": ["Pagination", "offset-based pagination", "React component", "Page metadata", "pagination controls", "meta", "onPrev", "onNext"], "state": 2, "file_id": 23, "knowledge_revision": 61, "git_revision": "3ec22b5a9fb54ae325196885c2f815d7681d46fc", "ctags": [{"_type": "tag", "name": "Pagination", "path": "/home/kavia/workspace/code-generation/team-task-dashboard-199392-199402/task_management_frontend/src/components/Pagination.js", "pattern": "/^export function Pagination({ meta, onPrev, onNext }) {$/", "language": "JavaScript", "kind": "function", "signature": "({ meta, onPrev, onNext })"}, {"_type": "tag", "name": "onNext", "path": "/home/kavia/workspace/code-generation/team-task-dashboard-199392-199402/task_management_frontend/src/components/Pagination.js", "pattern": "/^        onClick={onNext}$/", "language": "JavaScript", "kind": "field", "scope": "Pagination.onClick", "scopeKind": "class"}, {"_type": "tag", "name": "onPrev", "path": "/home/kavia/workspace/code-generation/team-task-dashboard-199392-199402/task_management_frontend/src/components/Pagination.js", "pattern": "/^        onClick={onPrev}$/", "language": "JavaScript", "kind": "field", "scope": "Pagination.onClick", "scopeKind": "class"}], "hash": "713eb6186f08737771064317ca2c5f35", "format-version": 4, "code-base-name": "task_management_frontend", "filename": "task_management_frontend/src/components/Pagination.js", "fields": [{"name": "onClick={onNext}", "scope": "Pagination.onClick", "scopeKind": "class", "description": "unavailable"}, {"name": "onClick={onPrev}", "scope": "Pagination.onClick", "scopeKind": "class", "description": "unavailable"}], "revision_history": [{"61": "3ec22b5a9fb54ae325196885c2f815d7681d46fc"}]}