{"is_source_file": true, "format": "JavaScript (React)", "description": "React component for a task management page including task listing, filtering, creation, editing, and commenting features.", "external_files": ["../api/tasks", "../components/Pagination", "../context/AuthContext"], "external_methods": ["listTasks", "listComments", "createTask", "updateTask", "addComment", "useAuthContext"], "published": ["TasksPage"], "classes": [], "methods": [{"name": "load", "description": "Fetches tasks based on current filters and pagination."}, {"name": "loadComments", "description": "Loads comments for a selected task."}, {"name": "onCreate", "description": "Handles creation of a new task."}, {"name": "onUpdateSelected", "description": "Updates the selected task with new status, priority, or description."}, {"name": "onAddComment", "description": "Adds a comment to the currently selected task."}, {"name": "TasksPage()", "scope": "", "scopeKind": "", "description": "unavailable"}], "calls": ["listTasks", "listComments", "createTask", "updateTask", "addComment"], "search-terms": ["TasksPage", "task management", "React", "useAuthContext", "pagination", "comments", "filtering", "createTask", "updateTask"], "state": 2, "file_id": 27, "knowledge_revision": 65, "git_revision": "3ec22b5a9fb54ae325196885c2f815d7681d46fc", "ctags": [{"_type": "tag", "name": "DEFAULT_LIMIT", "path": "/home/kavia/workspace/code-generation/team-task-dashboard-199392-199402/task_management_frontend/src/pages/TasksPage.js", "pattern": "/^const DEFAULT_LIMIT = 20;$/", "language": "JavaScript", "kind": "constant"}, {"_type": "tag", "name": "TasksPage", "path": "/home/kavia/workspace/code-generation/team-task-dashboard-199392-199402/task_management_frontend/src/pages/TasksPage.js", "pattern": "/^export function TasksPage() {$/", "language": "JavaScript", "kind": "function", "signature": "()"}, {"_type": "tag", "name": "limit", "path": "/home/kavia/workspace/code-generation/team-task-dashboard-199392-199402/task_management_frontend/src/pages/TasksPage.js", "pattern": "/^              value={limit}$/", "language": "JavaScript", "kind": "field", "scope": "TasksPage.value", "scopeKind": "class"}, {"_type": "tag", "name": "newTitle", "path": "/home/kavia/workspace/code-generation/team-task-dashboard-199392-199402/task_management_frontend/src/pages/TasksPage.js", "pattern": "/^                value={newTitle}$/", "language": "JavaScript", "kind": "field", "scope": "TasksPage.value", "scopeKind": "class"}, {"_type": "tag", "name": "priority", "path": "/home/kavia/workspace/code-generation/team-task-dashboard-199392-199402/task_management_frontend/src/pages/TasksPage.js", "pattern": "/^              value={priority}$/", "language": "JavaScript", "kind": "field", "scope": "TasksPage.value", "scopeKind": "class"}, {"_type": "tag", "name": "projectId", "path": "/home/kavia/workspace/code-generation/team-task-dashboard-199392-199402/task_management_frontend/src/pages/TasksPage.js", "pattern": "/^              value={projectId}$/", "language": "JavaScript", "kind": "field", "scope": "TasksPage.value", "scopeKind": "class"}, {"_type": "tag", "name": "q", "path": "/home/kavia/workspace/code-generation/team-task-dashboard-199392-199402/task_management_frontend/src/pages/TasksPage.js", "pattern": "/^              value={q}$/", "language": "JavaScript", "kind": "field", "scope": "TasksPage.value", "scopeKind": "class"}, {"_type": "tag", "name": "status", "path": "/home/kavia/workspace/code-generation/team-task-dashboard-199392-199402/task_management_frontend/src/pages/TasksPage.js", "pattern": "/^              value={status}$/", "language": "JavaScript", "kind": "field", "scope": "TasksPage.value", "scopeKind": "class"}], "hash": "c1229047a0bbaac66674c02722216860", "format-version": 4, "code-base-name": "task_management_frontend", "filename": "task_management_frontend/src/pages/TasksPage.js", "fields": [{"name": "value={limit}", "scope": "TasksPage.value", "scopeKind": "class", "description": "unavailable"}, {"name": "value={newTitle}", "scope": "TasksPage.value", "scopeKind": "class", "description": "unavailable"}, {"name": "value={priority}", "scope": "TasksPage.value", "scopeKind": "class", "description": "unavailable"}, {"name": "value={projectId}", "scope": "TasksPage.value", "scopeKind": "class", "description": "unavailable"}, {"name": "value={q}", "scope": "TasksPage.value", "scopeKind": "class", "description": "unavailable"}, {"name": "value={status}", "scope": "TasksPage.value", "scopeKind": "class", "description": "unavailable"}], "revision_history": [{"65": "3ec22b5a9fb54ae325196885c2f815d7681d46fc"}]}