{"is_source_file": true, "format": "JavaScript", "description": "This file provides a thin wrapper around the fetch API to facilitate HTTP requests to a FastAPI backend, including handling authorization tokens, JSON parsing, error handling, and constructing URLs with query parameters. It also includes a utility for pagination query parameters.", "external_files": ["fetch"], "external_methods": [], "published": ["apiRequest", "pageQuery"], "classes": [], "methods": [{"name": "apiRequest({ path, method = \"GET\", token, body, query })", "description": "Performs an HTTP request to the backend API, with support for authorization token, JSON body, and error handling.", "scope": "", "scopeKind": ""}, {"name": "pageQuery({ limit, offset })", "description": "Creates a query object with limit and offset for pagination.", "scope": "", "scopeKind": ""}, {"name": "buildUrl(path, query)", "scope": "", "scopeKind": "", "description": "unavailable"}, {"name": "getBaseUrl()", "scope": "", "scopeKind": "", "description": "unavailable"}, {"name": "parseJsonSafe(res)", "scope": "", "scopeKind": "", "description": "unavailable"}], "calls": ["buildUrl", "parseJsonSafe", "fetch"], "search-terms": ["fetch wrapper", "FastAPI backend", "Authorization", "JSON parsing", "error handling", "pagination query"], "state": 2, "file_id": 13, "knowledge_revision": 50, "git_revision": "3ec22b5a9fb54ae325196885c2f815d7681d46fc", "ctags": [{"_type": "tag", "name": "Accept", "path": "/home/kavia/workspace/code-generation/team-task-dashboard-199392-199402/task_management_frontend/src/api/client.js", "pattern": "/^    Accept: \"application\\/json\"$/", "language": "JavaScript", "kind": "property", "scope": "apiRequest.headers", "scopeKind": "class"}, {"_type": "tag", "name": "DEFAULT_BASE_URL", "path": "/home/kavia/workspace/code-generation/team-task-dashboard-199392-199402/task_management_frontend/src/api/client.js", "pattern": "/^const DEFAULT_BASE_URL = \"http:\\/\\/localhost:3001\";$/", "language": "JavaScript", "kind": "constant"}, {"_type": "tag", "name": "apiRequest", "path": "/home/kavia/workspace/code-generation/team-task-dashboard-199392-199402/task_management_frontend/src/api/client.js", "pattern": "/^export async function apiRequest({ path, method = \"GET\", token, body, query }) {$/", "language": "JavaScript", "kind": "function", "signature": "({ path, method = \"GET\", token, body, query })"}, {"_type": "tag", "name": "buildUrl", "path": "/home/kavia/workspace/code-generation/team-task-dashboard-199392-199402/task_management_frontend/src/api/client.js", "pattern": "/^function buildUrl(path, query) {$/", "language": "JavaScript", "kind": "function", "signature": "(path, query)"}, {"_type": "tag", "name": "getBaseUrl", "path": "/home/kavia/workspace/code-generation/team-task-dashboard-199392-199402/task_management_frontend/src/api/client.js", "pattern": "/^function getBaseUrl() {$/", "language": "JavaScript", "kind": "function", "signature": "()"}, {"_type": "tag", "name": "headers", "path": "/home/kavia/workspace/code-generation/team-task-dashboard-199392-199402/task_management_frontend/src/api/client.js", "pattern": "/^  const headers = {$/", "language": "JavaScript", "kind": "class", "scope": "apiRequest", "scopeKind": "class"}, {"_type": "tag", "name": "pageQuery", "path": "/home/kavia/workspace/code-generation/team-task-dashboard-199392-199402/task_management_frontend/src/api/client.js", "pattern": "/^export function pageQuery({ limit, offset }) {$/", "language": "JavaScript", "kind": "function", "signature": "({ limit, offset })"}, {"_type": "tag", "name": "parseJsonSafe", "path": "/home/kavia/workspace/code-generation/team-task-dashboard-199392-199402/task_management_frontend/src/api/client.js", "pattern": "/^async function parseJsonSafe(res) {$/", "language": "JavaScript", "kind": "function", "signature": "(res)"}], "hash": "2a66a7699edb0cf5708e5d5fccfb3aff", "format-version": 4, "code-base-name": "task_management_frontend", "filename": "task_management_frontend/src/api/client.js", "fields": [{"name": "Accept: \"application\\/json\"", "scope": "apiRequest.headers", "scopeKind": "class", "description": "unavailable"}], "revision_history": [{"50": "3ec22b5a9fb54ae325196885c2f815d7681d46fc"}]}