{"is_source_file": true, "format": "JavaScript", "description": "This file defines a React functional component 'BoardsPage' which implements a Kanban board interface. It manages tasks with drag-and-drop capabilities, interacts with backend APIs for listing, creating, and updating tasks, and handles user input for project selection and task creation.", "external_files": ["../api/tasks", "../context/AuthContext"], "external_methods": ["listTasks", "updateTask", "createTask", "useAuthContext"], "published": ["BoardsPage"], "classes": [], "methods": [{"name": "load", "description": "Asynchronously loads tasks from the backend based on the current project ID and updates the component state."}, {"name": "onCreateTask", "description": "Handles the creation of a new task, sending data to the backend and updating state upon success."}, {"name": "onDragEnd", "description": "Handles the drag-and-drop event for tasks, optimistically updating task status locally and reverting if backend update fails."}, {"name": "BoardsPage()", "scope": "", "scopeKind": "", "description": "unavailable"}], "calls": ["listTasks", "updateTask", "createTask"], "search-terms": ["BoardsPage", "Kanban", "drag-and-drop tasks", "task management", "React state", "useEffect", "useMemo", "useState", "api/tasks", "AuthContext", "projectId", "task creation"], "state": 2, "file_id": 26, "knowledge_revision": 64, "git_revision": "3ec22b5a9fb54ae325196885c2f815d7681d46fc", "ctags": [{"_type": "tag", "name": "BoardsPage", "path": "/home/kavia/workspace/code-generation/team-task-dashboard-199392-199402/task_management_frontend/src/pages/BoardsPage.js", "pattern": "/^export function BoardsPage() {$/", "language": "JavaScript", "kind": "function", "signature": "()"}, {"_type": "tag", "name": "DEFAULT_COLUMNS", "path": "/home/kavia/workspace/code-generation/team-task-dashboard-199392-199402/task_management_frontend/src/pages/BoardsPage.js", "pattern": "/^const DEFAULT_COLUMNS = [$/", "language": "JavaScript", "kind": "constant"}, {"_type": "tag", "name": "newTitle", "path": "/home/kavia/workspace/code-generation/team-task-dashboard-199392-199402/task_management_frontend/src/pages/BoardsPage.js", "pattern": "/^                value={newTitle}$/", "language": "JavaScript", "kind": "field", "scope": "BoardsPage.value", "scopeKind": "class"}, {"_type": "tag", "name": "projectId", "path": "/home/kavia/workspace/code-generation/team-task-dashboard-199392-199402/task_management_frontend/src/pages/BoardsPage.js", "pattern": "/^              value={projectId}$/", "language": "JavaScript", "kind": "field", "scope": "BoardsPage.value", "scopeKind": "class"}], "hash": "a3b22bdc0764de924d82ce1f0653bb98", "format-version": 4, "code-base-name": "task_management_frontend", "filename": "task_management_frontend/src/pages/BoardsPage.js", "fields": [{"name": "value={newTitle}", "scope": "BoardsPage.value", "scopeKind": "class", "description": "unavailable"}, {"name": "value={projectId}", "scope": "BoardsPage.value", "scopeKind": "class", "description": "unavailable"}], "revision_history": [{"64": "3ec22b5a9fb54ae325196885c2f815d7681d46fc"}]}