{"is_source_file": true, "format": "JavaScript", "description": "This file defines a React functional component named AppLayout, which renders the main application layout including navigation bars, user info, and an outlet for nested routes.", "external_files": ["react", "react-router-dom", "../context/AuthContext"], "external_methods": ["useAuthContext", "useNavigate", "NavLink", "Outlet"], "published": ["AppLayout"], "classes": [], "methods": [{"name": "navClass({ isActive })", "description": "A helper function to assign CSS classes to navigation links based on their active status.", "scope": "", "scopeKind": ""}, {"name": "AppLayout()", "scope": "", "scopeKind": "", "description": "unavailable"}], "calls": ["useAuthContext", "useNavigate", "navigate", "auth.logout"], "search-terms": ["AppLayout", "React", "react-router-dom", "AuthContext", "navigation", "layout component"], "state": 2, "file_id": 22, "knowledge_revision": 60, "git_revision": "3ec22b5a9fb54ae325196885c2f815d7681d46fc", "ctags": [{"_type": "tag", "name": "AppLayout", "path": "/home/kavia/workspace/code-generation/team-task-dashboard-199392-199402/task_management_frontend/src/components/AppLayout.js", "pattern": "/^export function AppLayout() {$/", "language": "JavaScript", "kind": "function", "signature": "()"}, {"_type": "tag", "name": "navClass", "path": "/home/kavia/workspace/code-generation/team-task-dashboard-199392-199402/task_management_frontend/src/components/AppLayout.js", "pattern": "/^function navClass({ isActive }) {$/", "language": "JavaScript", "kind": "function", "signature": "({ isActive })"}], "hash": "ffc22147b93439f70b3c6b0286c45a63", "format-version": 4, "code-base-name": "task_management_frontend", "filename": "task_management_frontend/src/components/AppLayout.js", "revision_history": [{"60": "3ec22b5a9fb54ae325196885c2f815d7681d46fc"}]}