{"is_source_file": true, "format": "JavaScript", "description": "This file defines the 'TeamsPage' React component, managing teams and team members including listing, creating, and updating team membership.", "external_files": ["../api/teams", "../components/Pagination", "../context/AuthContext"], "external_methods": ["listTeams", "getTeam", "createTeam", "addTeamMember", "useAuthContext"], "published": ["TeamsPage"], "classes": [], "methods": [{"name": "TeamsPage()", "description": "Main React component for managing teams and their members, with functionalities for listing, creating, and editing teams.", "scope": "", "scopeKind": ""}], "calls": ["listTeams", "getTeam", "createTeam", "addTeamMember", "useAuthContext"], "search-terms": ["TeamsPage", "manage teams", "create team", "team membership", "React component for teams", "pagination in React", "team details", "add member"], "state": 2, "file_id": 28, "knowledge_revision": 66, "git_revision": "3ec22b5a9fb54ae325196885c2f815d7681d46fc", "ctags": [{"_type": "tag", "name": "DEFAULT_LIMIT", "path": "/home/kavia/workspace/code-generation/team-task-dashboard-199392-199402/task_management_frontend/src/pages/TeamsPage.js", "pattern": "/^const DEFAULT_LIMIT = 20;$/", "language": "JavaScript", "kind": "constant"}, {"_type": "tag", "name": "TeamsPage", "path": "/home/kavia/workspace/code-generation/team-task-dashboard-199392-199402/task_management_frontend/src/pages/TeamsPage.js", "pattern": "/^export function TeamsPage() {$/", "language": "JavaScript", "kind": "function", "signature": "()"}, {"_type": "tag", "name": "limit", "path": "/home/kavia/workspace/code-generation/team-task-dashboard-199392-199402/task_management_frontend/src/pages/TeamsPage.js", "pattern": "/^              value={limit}$/", "language": "JavaScript", "kind": "field", "scope": "TeamsPage.value", "scopeKind": "class"}, {"_type": "tag", "name": "newTeamName", "path": "/home/kavia/workspace/code-generation/team-task-dashboard-199392-199402/task_management_frontend/src/pages/TeamsPage.js", "pattern": "/^                value={newTeamName}$/", "language": "JavaScript", "kind": "field", "scope": "TeamsPage.value", "scopeKind": "class"}], "hash": "ace300a7867ff2471359040c573ce65a", "format-version": 4, "code-base-name": "task_management_frontend", "filename": "task_management_frontend/src/pages/TeamsPage.js", "fields": [{"name": "value={limit}", "scope": "TeamsPage.value", "scopeKind": "class", "description": "unavailable"}, {"name": "value={newTeamName}", "scope": "TeamsPage.value", "scopeKind": "class", "description": "unavailable"}], "revision_history": [{"66": "3ec22b5a9fb54ae325196885c2f815d7681d46fc"}]}