{"is_source_file": true, "file_id": 15, "git_revision": "", "state": 1, "description": "", "external_files": [], "external_methods": [], "published": [], "classes": [], "methods": [], "calls": [], "search-terms": [], "ctags": [{"_type": "tag", "name": "addComment", "path": "/home/kavia/workspace/code-generation/team-task-dashboard-199392-199402/task_management_frontend/src/api/tasks.js", "pattern": "/^export async function addComment({ token, taskId, body }) {$/", "language": "JavaScript", "kind": "function", "signature": "({ token, taskId, body })"}, {"_type": "tag", "name": "createTask", "path": "/home/kavia/workspace/code-generation/team-task-dashboard-199392-199402/task_management_frontend/src/api/tasks.js", "pattern": "/^export async function createTask({ token, payload }) {$/", "language": "JavaScript", "kind": "function", "signature": "({ token, payload })"}, {"_type": "tag", "name": "getTask", "path": "/home/kavia/workspace/code-generation/team-task-dashboard-199392-199402/task_management_frontend/src/api/tasks.js", "pattern": "/^export async function getTask({ token, taskId }) {$/", "language": "JavaScript", "kind": "function", "signature": "({ token, taskId })"}, {"_type": "tag", "name": "listComments", "path": "/home/kavia/workspace/code-generation/team-task-dashboard-199392-199402/task_management_frontend/src/api/tasks.js", "pattern": "/^export async function listComments({ token, taskId }) {$/", "language": "JavaScript", "kind": "function", "signature": "({ token, taskId })"}, {"_type": "tag", "name": "listTasks", "path": "/home/kavia/workspace/code-generation/team-task-dashboard-199392-199402/task_management_frontend/src/api/tasks.js", "pattern": "/^export async function listTasks({ token, filters, limit, offset }) {$/", "language": "JavaScript", "kind": "function", "signature": "({ token, filters, limit, offset })"}, {"_type": "tag", "name": "updateTask", "path": "/home/kavia/workspace/code-generation/team-task-dashboard-199392-199402/task_management_frontend/src/api/tasks.js", "pattern": "/^export async function updateTask({ token, taskId, payload }) {$/", "language": "JavaScript", "kind": "function", "signature": "({ token, taskId, payload })"}], "format": "JavaScript", "hash": "7704480ef8f51043706339886461d6dc", "format-version": 4, "code-base-name": "task_management_frontend", "filename": "task_management_frontend/src/api/tasks.js", "knowledge_revision": 31}