{"is_source_file": false, "format": "", "description": "", "external_files": [], "external_methods": [], "published": [], "classes": [], "methods": [], "calls": [], "search-terms": [], "state": 2, "file_id": 5, "knowledge_revision": 19, "git_revision": "b63bdb6fca581666ba95dad44f374157087345d4", "hash": "ebece526bc2eadd78ddd787a76c56607", "format-version": 4, "code-base-name": "task_management_frontend", "filename": "task_management_frontend/README.md", "revision_history": [{"19": "b63bdb6fca581666ba95dad44f374157087345d4"}]}