{"is_source_file": false, "format": "", "description": "", "external_files": [], "external_methods": [], "published": [], "classes": [], "methods": [], "calls": [], "search-terms": [], "state": 2, "file_id": 3, "knowledge_revision": 16, "git_revision": "b63bdb6fca581666ba95dad44f374157087345d4", "hash": "be6538e7523bc2e9da0743133d784136", "format-version": 4, "code-base-name": "task_management_frontend", "filename": "task_management_frontend/eslint.config.mjs", "revision_history": [{"16": "b63bdb6fca581666ba95dad44f374157087345d4"}]}