{"is_source_file": false, "format": "", "description": "", "external_files": [], "external_methods": [], "published": [], "classes": [], "methods": [], "calls": [], "search-terms": [], "state": 2, "file_id": 11, "knowledge_revision": 23, "git_revision": "b63bdb6fca581666ba95dad44f374157087345d4", "ctags": [], "hash": "1a77571e1a8cf36018a41bcedf60db75", "format-version": 4, "code-base-name": "task_management_frontend", "filename": "task_management_frontend/src/setupTests.js", "revision_history": [{"23": "b63bdb6fca581666ba95dad44f374157087345d4"}]}