{"is_source_file": true, "format": "JavaScript (React JSX)", "description": "This file defines a React component called RegisterPage, which provides a user registration form for creating an account. It includes form fields for email and password, handles form submission with validation, displays success or error messages, and navigates to a login page upon successful registration.", "external_files": ["../api/auth", "react", "react-router-dom"], "external_methods": ["register"], "published": ["RegisterPage"], "classes": [], "methods": [{"name": "RegisterPage()", "description": "React functional component for user registration, managing form state, handling registration API call, and navigation.", "scope": "", "scopeKind": ""}], "calls": ["register({ email, password })", "navigate(\"/login\")"], "search-terms": ["RegisterPage", "React registration form", "useState", "useNavigate", "register API"], "state": 2, "file_id": 25, "knowledge_revision": 63, "git_revision": "3ec22b5a9fb54ae325196885c2f815d7681d46fc", "ctags": [{"_type": "tag", "name": "8", "path": "/home/kavia/workspace/code-generation/team-task-dashboard-199392-199402/task_management_frontend/src/pages/RegisterPage.js", "pattern": "/^                minLength={8}$/", "language": "JavaScript", "kind": "field", "scope": "RegisterPage.minLength", "scopeKind": "class"}, {"_type": "tag", "name": "RegisterPage", "path": "/home/kavia/workspace/code-generation/team-task-dashboard-199392-199402/task_management_frontend/src/pages/RegisterPage.js", "pattern": "/^export function RegisterPage() {$/", "language": "JavaScript", "kind": "function", "signature": "()"}, {"_type": "tag", "name": "email", "path": "/home/kavia/workspace/code-generation/team-task-dashboard-199392-199402/task_management_frontend/src/pages/RegisterPage.js", "pattern": "/^                value={email}$/", "language": "JavaScript", "kind": "field", "scope": "RegisterPage.value", "scopeKind": "class"}, {"_type": "tag", "name": "password", "path": "/home/kavia/workspace/code-generation/team-task-dashboard-199392-199402/task_management_frontend/src/pages/RegisterPage.js", "pattern": "/^                value={password}$/", "language": "JavaScript", "kind": "field", "scope": "RegisterPage.value", "scopeKind": "class"}], "hash": "1abd2fb649b290ac2f8f8e9e9bbb6840", "format-version": 4, "code-base-name": "task_management_frontend", "filename": "task_management_frontend/src/pages/RegisterPage.js", "fields": [{"name": "minLength={8}", "scope": "RegisterPage.minLength", "scopeKind": "class", "description": "unavailable"}, {"name": "value={email}", "scope": "RegisterPage.value", "scopeKind": "class", "description": "unavailable"}, {"name": "value={password}", "scope": "RegisterPage.value", "scopeKind": "class", "description": "unavailable"}], "revision_history": [{"63": "3ec22b5a9fb54ae325196885c2f815d7681d46fc"}]}