{"is_source_file": true, "format": "JavaScript", "description": "This file contains API functions related to authentication, including user registration, login, and fetching current user profile.", "external_files": ["./client"], "external_methods": ["apiRequest"], "published": ["register", "login", "getMe"], "classes": [], "methods": [{"name": "register({ email, password, roles })", "description": "Registers a new user by sending a POST request to /auth/register with email, password, and roles.", "scope": "", "scopeKind": ""}, {"name": "login({ email, password })", "description": "Logs in a user by sending a POST request to /auth/login with email and password.", "scope": "", "scopeKind": ""}, {"name": "getMe({ token })", "description": "Retrieves the current user's profile information via GET /auth/me.", "scope": "", "scopeKind": ""}], "calls": ["apiRequest"], "search-terms": ["auth", "register", "login", "getMe", "auth.js"], "state": 2, "file_id": 14, "knowledge_revision": 52, "git_revision": "3ec22b5a9fb54ae325196885c2f815d7681d46fc", "ctags": [{"_type": "tag", "name": "getMe", "path": "/home/kavia/workspace/code-generation/team-task-dashboard-199392-199402/task_management_frontend/src/api/auth.js", "pattern": "/^export async function getMe({ token }) {$/", "language": "JavaScript", "kind": "function", "signature": "({ token })"}, {"_type": "tag", "name": "login", "path": "/home/kavia/workspace/code-generation/team-task-dashboard-199392-199402/task_management_frontend/src/api/auth.js", "pattern": "/^export async function login({ email, password }) {$/", "language": "JavaScript", "kind": "function", "signature": "({ email, password })"}, {"_type": "tag", "name": "register", "path": "/home/kavia/workspace/code-generation/team-task-dashboard-199392-199402/task_management_frontend/src/api/auth.js", "pattern": "/^export async function register({ email, password, roles }) {$/", "language": "JavaScript", "kind": "function", "signature": "({ email, password, roles })"}], "hash": "d1cf71818c72497d423b952bb7be2962", "format-version": 4, "code-base-name": "task_management_frontend", "filename": "task_management_frontend/src/api/auth.js", "revision_history": [{"52": "3ec22b5a9fb54ae325196885c2f815d7681d46fc"}]}