{"is_source_file": true, "format": "JavaScript (React JSX)", "description": "This file defines the main application component for a React-based frontend, setting up routing for various pages and protected routes.", "external_files": ["./components/AppLayout", "./components/ProtectedRoute", "./pages/DashboardHomePage", "./pages/LoginPage", "./pages/RegisterPage", "./pages/BoardsPage", "./pages/TasksPage", "./pages/TeamsPage", "./pages/AnalyticsPage", "./pages/NotificationsPage", "./App.css"], "external_methods": ["React", "Navigate", "Route", "Routes"], "published": ["App"], "classes": [], "methods": [{"name": "App()", "description": "Main application component that sets up routing and protected routes.", "scope": "", "scopeKind": ""}], "calls": ["React", "Navigate", "Route", "Routes"], "search-terms": ["App.js", "React routing", "ProtectedRoute", "DashboardHomePage", "LoginPage", "RegisterPage", "BoardsPage", "TasksPage", "TeamsPage", "AnalyticsPage", "NotificationsPage"], "state": 2, "file_id": 7, "knowledge_revision": 48, "git_revision": "3ec22b5a9fb54ae325196885c2f815d7681d46fc", "revision_history": [{"22": "b63bdb6fca581666ba95dad44f374157087345d4"}, {"48": "3ec22b5a9fb54ae325196885c2f815d7681d46fc"}], "ctags": [{"_type": "tag", "name": "App", "path": "/home/kavia/workspace/code-generation/team-task-dashboard-199392-199402/task_management_frontend/src/App.js", "pattern": "/^function App() {$/", "language": "JavaScript", "kind": "function", "signature": "()"}], "hash": "10ea851bbc4ae1d2ea966185e92278ce", "format-version": 4, "code-base-name": "task_management_frontend", "filename": "task_management_frontend/src/App.js"}