{"is_source_file": false, "format": "", "description": "", "external_files": [], "external_methods": [], "published": [], "classes": [], "methods": [], "calls": [], "search-terms": [], "state": 2, "file_id": 4, "knowledge_revision": 17, "git_revision": "b63bdb6fca581666ba95dad44f374157087345d4", "hash": "d001d53c059625c4bcf75bf5a7f3fcf0", "format-version": 4, "code-base-name": "task_management_frontend", "filename": "task_management_frontend/package.json", "revision_history": [{"17": "b63bdb6fca581666ba95dad44f374157087345d4"}]}