{"is_source_file": true, "format": "JavaScript (React JSX)", "description": "This file defines a React functional component DashboardHomePage that acts as a default landing page and redirects to the '/boards' route upon rendering.", "external_files": ["react", "react-router-dom"], "external_methods": ["useNavigate"], "published": ["DashboardHomePage"], "classes": [], "methods": ["DashboardHomePage"], "calls": ["useNavigate", "navigate"], "search-terms": ["DashboardHomePage", "redirect", "landing page", "react-router"], "state": 2, "file_id": 31, "knowledge_revision": 47, "git_revision": "3ec22b5a9fb54ae325196885c2f815d7681d46fc", "ctags": [{"_type": "tag", "name": "DashboardHomePage", "path": "/home/kavia/workspace/code-generation/team-task-dashboard-199392-199402/task_management_frontend/src/pages/DashboardHomePage.js", "pattern": "/^export function DashboardHomePage() {$/", "language": "JavaScript", "kind": "function", "signature": "()"}], "hash": "d4842156661811ed505c4a528fe08cf1", "format-version": 4, "code-base-name": "task_management_frontend", "filename": "task_management_frontend/src/pages/DashboardHomePage.js"}