{"is_source_file": false, "format": "", "description": "", "external_files": [], "external_methods": [], "published": [], "classes": [], "methods": [], "calls": [], "search-terms": [], "state": 2, "file_id": 2, "knowledge_revision": 14, "git_revision": "b63bdb6fca581666ba95dad44f374157087345d4", "hash": "d9d975cebe2ec20b6c652e1e4c12ccf0", "format-version": 4, "code-base-name": "task_management_frontend", "filename": "task_management_frontend/public/manifest.json", "revision_history": [{"14": "b63bdb6fca581666ba95dad44f374157087345d4"}]}