{"is_source_file": true, "format": "JavaScript", "description": "This file defines several asynchronous functions for interacting with a tasks API, including listing, creating, retrieving, and updating tasks, as well as managing comments related to tasks.", "external_files": ["./client"], "external_methods": ["apiRequest"], "published": ["listTasks", "createTask", "getTask", "updateTask", "listComments", "addComment"], "classes": [], "methods": [{"name": "listTasks({ token, filters, limit, offset })", "description": "Fetches a list of tasks with optional filters, pagination, using GET /tasks.", "scope": "", "scopeKind": ""}, {"name": "createTask({ token, payload })", "description": "Creates a new task by sending a POST request to /tasks with the provided payload.", "scope": "", "scopeKind": ""}, {"name": "getTask({ token, taskId })", "description": "Retrieves details of a specific task via GET /tasks/{task_id}.", "scope": "", "scopeKind": ""}, {"name": "updateTask({ token, taskId, payload })", "description": "Updates an existing task with new data via PATCH /tasks/{task_id}.", "scope": "", "scopeKind": ""}, {"name": "listComments({ token, taskId })", "description": "Retrieves comments for a specific task via GET /tasks/{task_id}/comments.", "scope": "", "scopeKind": ""}, {"name": "addComment({ token, taskId, body })", "description": "Adds a comment to a specific task via POST /tasks/{task_id}/comments.", "scope": "", "scopeKind": ""}], "calls": ["apiRequest"], "search-terms": ["tasks API functions", "task management", "comments handling", "task CRUD operations", "JavaScript API functions"], "state": 2, "file_id": 15, "knowledge_revision": 53, "git_revision": "3ec22b5a9fb54ae325196885c2f815d7681d46fc", "ctags": [{"_type": "tag", "name": "addComment", "path": "/home/kavia/workspace/code-generation/team-task-dashboard-199392-199402/task_management_frontend/src/api/tasks.js", "pattern": "/^export async function addComment({ token, taskId, body }) {$/", "language": "JavaScript", "kind": "function", "signature": "({ token, taskId, body })"}, {"_type": "tag", "name": "createTask", "path": "/home/kavia/workspace/code-generation/team-task-dashboard-199392-199402/task_management_frontend/src/api/tasks.js", "pattern": "/^export async function createTask({ token, payload }) {$/", "language": "JavaScript", "kind": "function", "signature": "({ token, payload })"}, {"_type": "tag", "name": "getTask", "path": "/home/kavia/workspace/code-generation/team-task-dashboard-199392-199402/task_management_frontend/src/api/tasks.js", "pattern": "/^export async function getTask({ token, taskId }) {$/", "language": "JavaScript", "kind": "function", "signature": "({ token, taskId })"}, {"_type": "tag", "name": "listComments", "path": "/home/kavia/workspace/code-generation/team-task-dashboard-199392-199402/task_management_frontend/src/api/tasks.js", "pattern": "/^export async function listComments({ token, taskId }) {$/", "language": "JavaScript", "kind": "function", "signature": "({ token, taskId })"}, {"_type": "tag", "name": "listTasks", "path": "/home/kavia/workspace/code-generation/team-task-dashboard-199392-199402/task_management_frontend/src/api/tasks.js", "pattern": "/^export async function listTasks({ token, filters, limit, offset }) {$/", "language": "JavaScript", "kind": "function", "signature": "({ token, filters, limit, offset })"}, {"_type": "tag", "name": "updateTask", "path": "/home/kavia/workspace/code-generation/team-task-dashboard-199392-199402/task_management_frontend/src/api/tasks.js", "pattern": "/^export async function updateTask({ token, taskId, payload }) {$/", "language": "JavaScript", "kind": "function", "signature": "({ token, taskId, payload })"}], "hash": "7704480ef8f51043706339886461d6dc", "format-version": 4, "code-base-name": "task_management_frontend", "filename": "task_management_frontend/src/api/tasks.js", "revision_history": [{"53": "3ec22b5a9fb54ae325196885c2f815d7681d46fc"}]}