{"is_source_file": false, "format": "", "description": "", "external_files": [], "external_methods": [], "published": [], "classes": [], "methods": [], "calls": [], "search-terms": [], "state": 2, "file_id": 10, "knowledge_revision": 27, "git_revision": "b63bdb6fca581666ba95dad44f374157087345d4", "hash": "ae98c9a6fe4bac59e938aeac71cb89e9", "format-version": 4, "code-base-name": "task_management_frontend", "filename": "task_management_frontend/src/App.css", "revision_history": [{"27": "b63bdb6fca581666ba95dad44f374157087345d4"}]}