{"is_source_file": false, "format": "", "description": "", "external_files": [], "external_methods": [], "published": [], "classes": [], "methods": [], "calls": [], "search-terms": [], "state": 2, "file_id": 8, "knowledge_revision": 28, "git_revision": "b63bdb6fca581666ba95dad44f374157087345d4", "hash": "278c01edbf283478390605df69f96146", "format-version": 4, "code-base-name": "task_management_frontend", "filename": "task_management_frontend/src/index.css", "revision_history": [{"28": "b63bdb6fca581666ba95dad44f374157087345d4"}]}