{"is_source_file": true, "format": "JavaScript (React JSX)", "description": "This file defines a React functional component 'NotificationsPage' that renders a notifications list interface. It manages state for pagination, filters, and loading/error states, and fetches notifications data via an API call. It also handles user interactions such as refreshing the list, toggling unread-only filter, and changing page size.", "external_files": ["../api/notifications", "../components/Pagination", "../context/AuthContext"], "external_methods": ["listNotifications", "useAuthContext"], "published": ["NotificationsPage"], "classes": [], "methods": [{"name": "load", "description": "Asynchronous function to fetch notification data with specified offset, handles loading state, errors, and updates pagination page state."}, {"name": "NotificationsPage()", "scope": "", "scopeKind": "", "description": "unavailable"}], "calls": ["listNotifications", "useAuthContext", "setLoading", "setErr", "setPage", "setOffset", "setUnreadOnly", "setLimit", "load"], "search-terms": ["NotificationsPage", "React", "useEffect", "useState", "listNotifications", "Pagination", "AuthContext", "notifications", "loadNotifications", "pagination"], "state": 2, "file_id": 30, "knowledge_revision": 68, "git_revision": "3ec22b5a9fb54ae325196885c2f815d7681d46fc", "ctags": [{"_type": "tag", "name": "DEFAULT_LIMIT", "path": "/home/kavia/workspace/code-generation/team-task-dashboard-199392-199402/task_management_frontend/src/pages/NotificationsPage.js", "pattern": "/^const DEFAULT_LIMIT = 20;$/", "language": "JavaScript", "kind": "constant"}, {"_type": "tag", "name": "NotificationsPage", "path": "/home/kavia/workspace/code-generation/team-task-dashboard-199392-199402/task_management_frontend/src/pages/NotificationsPage.js", "pattern": "/^export function NotificationsPage() {$/", "language": "JavaScript", "kind": "function", "signature": "()"}, {"_type": "tag", "name": "limit", "path": "/home/kavia/workspace/code-generation/team-task-dashboard-199392-199402/task_management_frontend/src/pages/NotificationsPage.js", "pattern": "/^              value={limit}$/", "language": "JavaScript", "kind": "field", "scope": "NotificationsPage.value", "scopeKind": "class"}, {"_type": "tag", "name": "unreadOnly", "path": "/home/kavia/workspace/code-generation/team-task-dashboard-199392-199402/task_management_frontend/src/pages/NotificationsPage.js", "pattern": "/^              checked={unreadOnly}$/", "language": "JavaScript", "kind": "field", "scope": "NotificationsPage.checked", "scopeKind": "class"}], "hash": "e6fcf867ff28d83455792987204ee0df", "format-version": 4, "code-base-name": "task_management_frontend", "filename": "task_management_frontend/src/pages/NotificationsPage.js", "fields": [{"name": "value={limit}", "scope": "NotificationsPage.value", "scopeKind": "class", "description": "unavailable"}, {"name": "checked={unreadOnly}", "scope": "NotificationsPage.checked", "scopeKind": "class", "description": "unavailable"}], "revision_history": [{"68": "3ec22b5a9fb54ae325196885c2f815d7681d46fc"}]}