{"is_source_file": true, "format": "JavaScript", "description": "This file contains API functions for fetching team and project analytics data from server endpoints, utilizing an imported apiRequest helper.", "external_files": ["./client"], "external_methods": ["apiRequest"], "published": ["getTeamAnalytics", "getProjectAnalytics"], "classes": [], "methods": [{"name": "getTeamAnalytics({ token, teamId })", "description": "Fetches analytics data for a specific team using team ID and authorization token.", "scope": "", "scopeKind": ""}, {"name": "getProjectAnalytics({ token, projectId })", "description": "Fetches analytics data for a specific project using project ID and authorization token.", "scope": "", "scopeKind": ""}], "calls": ["apiRequest"], "search-terms": ["analytics.js", "getTeamAnalytics", "getProjectAnalytics", "apiRequest", "analytics"], "state": 2, "file_id": 17, "knowledge_revision": 55, "git_revision": "3ec22b5a9fb54ae325196885c2f815d7681d46fc", "ctags": [{"_type": "tag", "name": "getProjectAnalytics", "path": "/home/kavia/workspace/code-generation/team-task-dashboard-199392-199402/task_management_frontend/src/api/analytics.js", "pattern": "/^export async function getProjectAnalytics({ token, projectId }) {$/", "language": "JavaScript", "kind": "function", "signature": "({ token, projectId })"}, {"_type": "tag", "name": "getTeamAnalytics", "path": "/home/kavia/workspace/code-generation/team-task-dashboard-199392-199402/task_management_frontend/src/api/analytics.js", "pattern": "/^export async function getTeamAnalytics({ token, teamId }) {$/", "language": "JavaScript", "kind": "function", "signature": "({ token, teamId })"}], "hash": "5c95995220b0acd82e07e459a2419888", "format-version": 4, "code-base-name": "task_management_frontend", "filename": "task_management_frontend/src/api/analytics.js", "revision_history": [{"55": "3ec22b5a9fb54ae325196885c2f815d7681d46fc"}]}