{"is_source_file": true, "format": "JavaScript", "description": "This file defines a custom React hook 'useAuth' that manages authentication state, including JWT token, user profile, and related actions such as login, logout, and token refresh.", "external_files": ["../api/auth"], "external_methods": ["getMe", "login as apiLogin"], "published": ["useAuth"], "classes": [], "methods": [{"name": "useAuth()", "description": "A custom React hook that manages authentication state, handles login, logout, token refresh, and maintains user information.", "scope": "", "scopeKind": ""}], "calls": ["getMe", "apiLogin", "window.localStorage.getItem", "window.localStorage.setItem", "window.localStorage.removeItem"], "search-terms": ["useAuth", "React hook", "JWT token management", "localStorage token", "auth state"], "state": 2, "file_id": 19, "knowledge_revision": 57, "git_revision": "3ec22b5a9fb54ae325196885c2f815d7681d46fc", "ctags": [{"_type": "tag", "name": "TOKEN_KEY", "path": "/home/kavia/workspace/code-generation/team-task-dashboard-199392-199402/task_management_frontend/src/hooks/useAuth.js", "pattern": "/^const TOKEN_KEY = \"tm_jwt\";$/", "language": "JavaScript", "kind": "constant"}, {"_type": "tag", "name": "useAuth", "path": "/home/kavia/workspace/code-generation/team-task-dashboard-199392-199402/task_management_frontend/src/hooks/useAuth.js", "pattern": "/^export function useAuth() {$/", "language": "JavaScript", "kind": "function", "signature": "()"}], "hash": "a6d1909caa5cf2ddb39a98d8a168d1bf", "format-version": 4, "code-base-name": "task_management_frontend", "filename": "task_management_frontend/src/hooks/useAuth.js", "revision_history": [{"57": "3ec22b5a9fb54ae325196885c2f815d7681d46fc"}]}