{"is_source_file": false, "format": "", "description": "", "external_files": [], "external_methods": [], "published": [], "classes": [], "methods": [], "calls": [], "search-terms": [], "state": 2, "file_id": 1, "knowledge_revision": 15, "git_revision": "b63bdb6fca581666ba95dad44f374157087345d4", "hash": "d2b40d02d5f7873d8a6713bad837edd4", "format-version": 4, "code-base-name": "task_management_frontend", "filename": "task_management_frontend/public/index.html", "revision_history": [{"15": "b63bdb6fca581666ba95dad44f374157087345d4"}]}